epoch,time,train/box_loss,train/cls_loss,train/dfl_loss,metrics/precision(B),metrics/recall(B),metrics/mAP50(B),metrics/mAP50-95(B),val/box_loss,val/cls_loss,val/dfl_loss,lr/pg0,lr/pg1,lr/pg2
1,12.9092,1.00675,2.31366,1.46179,0.00333,1,0.97861,0.67152,0.69962,2.68878,1.3572,0.00026,0.00026,0.00026
2,21.4362,0.61999,1.02916,1.16118,0.00333,1,0.67663,0.58123,0.544,2.71248,1.14988,0.000534654,0.000534654,0.000534654
3,30.2388,0.56431,0.9075,1.14184,0.99736,1,0.995,0.76459,0.69322,2.00716,1.26905,0.000803764,0.000803764,0.000803764
4,38.2135,0.56911,0.90543,1.10419,0.62258,0.99009,0.655,0.39224,0.89285,2.29391,1.40947,0.00106733,0.00106733,0.00106733
5,46.4071,0.54643,0.76355,1.07412,0.93711,0.99375,0.99125,0.81215,0.66743,1.68974,1.24311,0.00132535,0.00132535,0.00132535
6,54.7591,0.60384,0.8248,1.09715,0.92841,0.86473,0.93663,0.59982,0.84037,1.57869,1.49239,0.00157783,0.00157783,0.00157783
7,62.7474,0.5995,0.74033,1.11387,0.87087,0.93333,0.985,0.7142,0.81928,1.43998,1.58441,0.00182476,0.00182476,0.00182476
8,70.9244,0.61086,0.74465,1.11821,0.98732,0.93333,0.93743,0.68323,1.05766,1.27288,1.87897,0.0018614,0.0018614,0.0018614
9,78.6688,0.5992,0.75639,1.1381,0.87444,0.8,0.87644,0.65162,0.83617,1.41674,1.29102,0.0018416,0.0018416,0.0018416
10,89.0188,0.54901,0.65391,1.08807,0.65969,0.8,0.82855,0.5923,0.79088,1.421,1.43022,0.0018218,0.0018218,0.0018218
11,97.1521,0.55732,0.62248,1.06753,0.89751,0.73333,0.8266,0.48619,1.12898,1.64324,1.65125,0.001802,0.001802,0.001802
12,105.399,0.57055,0.60418,1.10935,0.93157,0.9087,0.97319,0.73502,0.67601,1.53131,1.16013,0.0017822,0.0017822,0.0017822
13,113.583,0.49083,0.533,1.03742,0.98251,1,0.995,0.79162,0.71781,0.95566,1.32457,0.0017624,0.0017624,0.0017624
14,121.88,0.56995,0.56452,1.09606,0.99036,1,0.995,0.79345,0.77604,0.95063,1.28097,0.0017426,0.0017426,0.0017426
15,129.839,0.553,0.5894,1.08306,0.9485,0.93333,0.99125,0.81611,0.57764,0.88708,1.0901,0.0017228,0.0017228,0.0017228
16,138.048,0.52536,0.51491,1.06646,0.92093,1,0.97875,0.90635,0.46276,0.64026,1.00752,0.001703,0.001703,0.001703
17,146.181,0.49384,0.49098,1.05162,0.98325,1,0.995,0.85614,0.52777,0.64933,1.02511,0.0016832,0.0016832,0.0016832
18,154.305,0.46224,0.45962,1.00846,1,0.99762,0.995,0.85863,0.55453,0.61859,1.03154,0.0016634,0.0016634,0.0016634
19,162.47,0.48151,0.48033,1.07042,0.98717,1,0.995,0.93842,0.39096,0.46186,0.96818,0.0016436,0.0016436,0.0016436
20,170.578,0.4879,0.46565,1.01525,0.99157,1,0.995,0.90846,0.39502,0.48996,0.91853,0.0016238,0.0016238,0.0016238
21,178.803,0.46661,0.4666,1.01498,0.99009,1,0.995,0.9047,0.43501,0.48018,0.91507,0.001604,0.001604,0.001604
22,186.978,0.48251,0.4671,1.03945,0.99122,0.93333,0.98794,0.93783,0.38853,0.52476,0.94112,0.0015842,0.0015842,0.0015842
23,196.583,0.46483,0.44302,1.05082,0.99173,0.93333,0.985,0.89744,0.447,0.48617,0.91547,0.0015644,0.0015644,0.0015644
24,204.536,0.42101,0.42595,0.97987,0.92927,0.93333,0.96946,0.88383,0.42529,0.49101,0.94653,0.0015446,0.0015446,0.0015446
25,214.657,0.47619,0.44759,1.03822,0.99055,0.93333,0.93588,0.8647,0.50406,0.53556,1.01248,0.0015248,0.0015248,0.0015248
26,222.86,0.44021,0.45802,1.02363,0.99072,1,0.995,0.88651,0.4634,0.38934,0.97079,0.001505,0.001505,0.001505
27,230.824,0.45383,0.43529,1.01932,0.99613,1,0.995,0.92219,0.36259,0.37002,0.84201,0.0014852,0.0014852,0.0014852
28,238.918,0.46429,0.43667,1.02391,0.99334,1,0.995,0.89614,0.41775,0.40073,0.8805,0.0014654,0.0014654,0.0014654
29,247.071,0.4403,0.38913,1.00701,0.99233,1,0.995,0.70989,0.91055,0.72571,1.33113,0.0014456,0.0014456,0.0014456
30,255.336,0.50525,0.41166,1.0767,0.98067,0.93333,0.97786,0.92529,0.39418,0.45028,0.88897,0.0014258,0.0014258,0.0014258
31,263.485,0.42275,0.37231,0.97331,0.99399,1,0.995,0.91023,0.42845,0.42514,0.93556,0.001406,0.001406,0.001406
32,271.471,0.42339,0.38897,0.98881,0.99457,1,0.995,0.88125,0.5587,0.56129,1.15225,0.0013862,0.0013862,0.0013862
33,279.491,0.4133,0.37654,0.9834,0.99571,1,0.995,0.94369,0.30629,0.35908,0.82604,0.0013664,0.0013664,0.0013664
34,289.154,0.39902,0.37919,0.97783,0.99897,1,0.995,0.89711,0.35252,0.40193,0.86106,0.0013466,0.0013466,0.0013466
35,297.323,0.39438,0.34866,0.98023,0.99124,1,0.995,0.96853,0.32248,0.3692,0.84502,0.0013268,0.0013268,0.0013268
36,305.143,0.38843,0.35006,0.97245,0.99592,1,0.995,0.9478,0.31588,0.27377,0.82081,0.001307,0.001307,0.001307
37,313.107,0.38463,0.36244,0.98295,0.99609,1,0.995,0.9609,0.31855,0.30229,0.8339,0.0012872,0.0012872,0.0012872
38,321.166,0.37405,0.3608,0.97648,0.99647,1,0.995,0.91717,0.38524,0.30787,0.90009,0.0012674,0.0012674,0.0012674
39,329.229,0.40843,0.36775,0.99113,0.99536,1,0.995,0.9364,0.31508,0.30416,0.83191,0.0012476,0.0012476,0.0012476
40,337.311,0.39687,0.36406,0.97377,0.99512,1,0.995,0.89376,0.4294,0.39075,0.93288,0.0012278,0.0012278,0.0012278
41,345.254,0.37964,0.33793,0.9724,0.96598,0.93333,0.98794,0.91045,0.40509,0.39652,0.91031,0.001208,0.001208,0.001208
42,353.325,0.38911,0.37647,0.97832,0.92258,1,0.98688,0.9469,0.39202,0.41918,0.87891,0.0011882,0.0011882,0.0011882
43,361.484,0.39262,0.34378,0.9763,0.96452,1,0.995,0.92275,0.34835,0.30956,0.85073,0.0011684,0.0011684,0.0011684
44,369.635,0.36591,0.34962,0.96554,0.99215,1,0.995,0.9334,0.37962,0.34245,0.8705,0.0011486,0.0011486,0.0011486
45,379.458,0.36522,0.34044,0.95962,0.99641,1,0.995,0.96843,0.30116,0.26346,0.81638,0.0011288,0.0011288,0.0011288
46,387.638,0.41273,0.43903,1.0238,0.98227,1,0.995,0.94609,0.32588,0.2861,0.84345,0.001109,0.001109,0.001109
47,395.353,0.3477,0.34403,0.94644,0.99637,1,0.995,0.96955,0.31076,0.27875,0.85179,0.0010892,0.0010892,0.0010892
48,403.402,0.36436,0.33203,0.97731,0.99655,1,0.995,0.89412,0.45175,0.3311,0.97275,0.0010694,0.0010694,0.0010694
49,411.451,0.35855,0.32504,0.97438,0.99669,1,0.995,0.92559,0.35905,0.30401,0.87549,0.0010496,0.0010496,0.0010496
50,419.827,0.34606,0.31157,0.94697,0.99657,1,0.995,0.94095,0.3606,0.24982,0.87646,0.0010298,0.0010298,0.0010298
51,428.073,0.32602,0.29602,0.94251,0.99657,1,0.995,0.93912,0.35976,0.26752,0.88673,0.00101,0.00101,0.00101
52,436.335,0.36217,0.31413,1.00195,0.99665,1,0.995,0.96499,0.34616,0.26633,0.84421,0.0009902,0.0009902,0.0009902
53,444.445,0.32641,0.30386,0.95036,0.99634,1,0.995,0.94585,0.29562,0.23401,0.82491,0.0009704,0.0009704,0.0009704
54,452.652,0.30738,0.30646,0.94714,1,0.9999,0.995,0.93392,0.33337,0.28539,0.85663,0.0009506,0.0009506,0.0009506
55,460.859,0.31643,0.31121,0.92114,0.98251,1,0.995,0.97413,0.31986,0.2717,0.86469,0.0009308,0.0009308,0.0009308
56,468.978,0.31683,0.29423,0.93031,0.99639,1,0.995,0.95968,0.35442,0.25286,0.87541,0.000911,0.000911,0.000911
57,476.899,0.31351,0.30307,0.94888,0.9966,1,0.995,0.96019,0.28561,0.21642,0.8278,0.0008912,0.0008912,0.0008912
58,485.027,0.32604,0.32333,0.9626,0.99665,1,0.995,0.97914,0.27641,0.21395,0.80065,0.0008714,0.0008714,0.0008714
59,493.17,0.35683,0.29367,0.97559,0.99661,1,0.995,0.97298,0.27676,0.22437,0.80351,0.0008516,0.0008516,0.0008516
60,501.341,0.31582,0.28469,0.93298,0.99656,1,0.995,0.92377,0.3105,0.24312,0.84396,0.0008318,0.0008318,0.0008318
61,509.285,0.29353,0.2641,0.92296,0.99672,1,0.995,0.92515,0.33126,0.23404,0.85624,0.000812,0.000812,0.000812
62,517.262,0.3058,0.27321,0.93338,0.99676,1,0.995,0.95036,0.31906,0.21719,0.86099,0.0007922,0.0007922,0.0007922
63,525.49,0.31778,0.26591,0.93933,0.9967,1,0.995,0.96437,0.31997,0.24059,0.8515,0.0007724,0.0007724,0.0007724
64,533.616,0.28996,0.25424,0.92119,0.99943,1,0.995,0.95236,0.34842,0.25545,0.84444,0.0007526,0.0007526,0.0007526
65,541.57,0.29578,0.2682,0.93228,0.99657,1,0.995,0.95269,0.30186,0.22646,0.82835,0.0007328,0.0007328,0.0007328
66,549.618,0.2618,0.26391,0.91345,0.99618,1,0.995,0.95547,0.31662,0.21297,0.85121,0.000713,0.000713,0.000713
67,557.386,0.2897,0.27673,0.92822,0.99592,1,0.995,0.96699,0.31734,0.24531,0.84317,0.0006932,0.0006932,0.0006932
68,565.532,0.28789,0.2629,0.92245,0.99549,1,0.995,0.94899,0.33148,0.23773,0.84967,0.0006734,0.0006734,0.0006734
69,573.698,0.28851,0.26755,0.92527,0.9964,1,0.995,0.9609,0.28825,0.20616,0.8348,0.0006536,0.0006536,0.0006536
70,582.044,0.28662,0.28077,0.92098,0.99625,1,0.995,0.96145,0.32647,0.24314,0.84383,0.0006338,0.0006338,0.0006338
71,590.019,0.29557,0.2534,0.91696,0.99621,1,0.995,0.96877,0.30066,0.22637,0.83171,0.000614,0.000614,0.000614
72,598.074,0.29811,0.25615,0.93039,0.99631,1,0.995,0.95875,0.30153,0.22009,0.84041,0.0005942,0.0005942,0.0005942
73,606.119,0.29998,0.26652,0.94803,0.99654,1,0.995,0.93883,0.34661,0.23454,0.86174,0.0005744,0.0005744,0.0005744
74,614.153,0.28679,0.24791,0.92868,0.99612,1,0.995,0.94962,0.3059,0.22906,0.8319,0.0005546,0.0005546,0.0005546
75,622.121,0.29002,0.24388,0.92269,0.9965,1,0.995,0.93982,0.32853,0.24231,0.84683,0.0005348,0.0005348,0.0005348
76,630.158,0.3064,0.29738,0.94419,0.93451,1,0.99125,0.97507,0.32739,0.26388,0.84316,0.000515,0.000515,0.000515
77,638.358,0.25893,0.25057,0.90856,0.96314,1,0.995,0.96032,0.30498,0.29693,0.82181,0.0004952,0.0004952,0.0004952
78,646.694,0.27109,0.24952,0.93505,0.99255,1,0.995,0.96349,0.27284,0.21809,0.80686,0.0004754,0.0004754,0.0004754
79,654.949,0.26094,0.24801,0.92476,0.99555,1,0.995,0.97721,0.27405,0.22671,0.80583,0.0004556,0.0004556,0.0004556
80,663.197,0.24962,0.25027,0.91874,0.99601,1,0.995,0.96906,0.27687,0.21498,0.8123,0.0004358,0.0004358,0.0004358
81,671.448,0.27737,0.24939,0.94654,0.99673,1,0.995,0.95325,0.27418,0.2379,0.82152,0.000416,0.000416,0.000416
82,679.494,0.25552,0.23993,0.91454,0.99672,1,0.995,0.94686,0.27516,0.19976,0.80197,0.0003962,0.0003962,0.0003962
83,687.432,0.26137,0.24291,0.9102,0.99667,1,0.995,0.96457,0.26422,0.18628,0.79069,0.0003764,0.0003764,0.0003764
84,695.434,0.25167,0.23989,0.91195,0.99671,1,0.995,0.95671,0.26183,0.21503,0.78655,0.0003566,0.0003566,0.0003566
85,705.433,0.2615,0.24006,0.91483,0.99673,1,0.995,0.98367,0.25893,0.21714,0.77762,0.0003368,0.0003368,0.0003368
86,715.135,0.24127,0.23287,0.90663,0.99668,1,0.995,0.97679,0.2581,0.21655,0.78078,0.000317,0.000317,0.000317
87,723.384,0.24614,0.22344,0.90502,0.99669,1,0.995,0.95636,0.26071,0.19955,0.78541,0.0002972,0.0002972,0.0002972
88,731.365,0.22678,0.21742,0.91066,0.9968,1,0.995,0.97047,0.27221,0.20547,0.80322,0.0002774,0.0002774,0.0002774
89,739.397,0.23155,0.21718,0.89688,0.99679,1,0.995,0.97047,0.27568,0.20299,0.81021,0.0002576,0.0002576,0.0002576
90,747.401,0.25518,0.24969,0.92428,0.99675,1,0.995,0.96643,0.25546,0.19557,0.79948,0.0002378,0.0002378,0.0002378
91,754.967,0.22658,0.3054,0.8792,0.99676,1,0.995,0.9575,0.28159,0.213,0.80681,0.000218,0.000218,0.000218
92,762.68,0.19626,0.20868,0.87738,0.9967,1,0.995,0.97771,0.26103,0.19587,0.79328,0.0001982,0.0001982,0.0001982
93,770.217,0.21259,0.20397,0.87622,0.99665,1,0.995,0.982,0.25595,0.1855,0.7833,0.0001784,0.0001784,0.0001784
94,777.79,0.18266,0.18619,0.84493,0.99671,1,0.995,0.97192,0.24644,0.18126,0.77632,0.0001586,0.0001586,0.0001586
95,785.227,0.18651,0.17923,0.84264,0.9967,1,0.995,0.982,0.24271,0.1794,0.78314,0.0001388,0.0001388,0.0001388
96,792.549,0.17834,0.17417,0.86002,0.99667,1,0.995,0.96346,0.23854,0.16942,0.77637,0.000119,0.000119,0.000119
97,800.083,0.17637,0.17848,0.84532,0.99671,1,0.995,0.97553,0.23339,0.16854,0.76919,9.92e-05,9.92e-05,9.92e-05
98,807.703,0.18141,0.17429,0.84457,0.99669,1,0.995,0.982,0.2228,0.15827,0.76856,7.94e-05,7.94e-05,7.94e-05
99,817.026,0.1788,0.18088,0.88195,0.99666,1,0.995,0.982,0.2233,0.16054,0.76976,5.96e-05,5.96e-05,5.96e-05
100,824.602,0.19259,0.17519,0.88848,0.99664,1,0.995,0.982,0.22901,0.15499,0.77268,3.98e-05,3.98e-05,3.98e-05
